"materialid","nombre"
"2180022","CCF8x25x25x25x8x1,5_HB_S235JR 6000"
"2189965","EXPMS20X10H1,5X1,5_HB 1000X6600"
"2189967","EXPMS30X13H1,5X1,5_HB 1000X2000"
"2189968","EXPMS50X22H3X2_HB 1000X7333"
"2189969","EXPMS60X25H2,5X1,5_HB 1000X10000"
"2189980","EXPMS60X25H2,5X1,5_HB 1000X2000"
"2159429","FL100x10_HB_S275JR 6100"
"2159437","FL100x12_HB_S275JR 6100"
"2159443","FL100x15_HB_S275JR 6100"
"2159449","FL100x20_HB_S275JR 6100"
"2159485","FL100x6_HB_S275JR 6100"
"2159491","FL100x8_HB_S275JR 6100"
"2159557","FL120x10_HB_S275JR 6100"
"2159564","FL120x12_HB_S275JR 6100"
"2159571","FL120x15_HB_S275JR 6100"
"2159577","FL120x20_HB_S275JR 6100"
"2159605","FL120x6_HB_S275JR 6100"
"2159611","FL120x8_HB_S275JR 6100"
"2159632","FL130x10_HB_S275JR 6100"
"2159693","FL140x10_HB_S275JR 6100"
"2159706","FL140x15_HB_S275JR 6100"
"2159746","FL140x8_HB_S275JR 6100"
"2159760","FL14x4_HB_S275JR 6100"
"2159767","FL150x10_HB_S275JR 6100"
"2159773","FL150x12_HB_S275JR 6100"
"2159779","FL150x15_HB_S275JR 6100"
"2159822","FL150x8_HB_S275JR 6100"
"2159836","FL16x4_HB_S275JR 6100"
"2159930","FL20x10_HB_S275JR 6100"
"2159963","FL20x3_HB_S275JR 6100"
"2159973","FL20x4_HB_S275JR 6100"
"2159990","FL20x6_HB_S275JR 6100"
"2159997","FL20x8_HB_S275JR 6100"
"2160032","FL25x4_HB_S275JR 6100"
"2160041","FL25x5_HB_S275JR 6100"
"2160062","FL30x10_HB_S275JR 6100"
"2160100","FL30x4_HB_S275JR 6100"
"2160120","FL30x6_HB_S275JR 6100"
"2160128","FL30x8_HB_S275JR 6100"
"2160136","FL35x10_HB_S275JR 6100"
"2160179","FL35x6_HB_S275JR 6100"
"2160187","FL35x8_HB_S275JR 6100"
"2160194","FL40x10_HB_S275JR 6100"
"2160202","FL40x12_HB_S275JR 6100"
"2160208","FL40x15_HB_S275JR 6100"
"2160214","FL40x20_HB_S275JR 6100"
"2160234","FL40x30_HB_S275JR 6100"
"2160241","FL40x4_HB_S275JR 6100"
"2160256","FL40x6_HB_S275JR 6100"
"2160264","FL40x8_HB_S275JR 6100"
"2001203","FL50x10_HB_S275JR"
"2160341","FL50x10_HB_S275JR 6100"
"2160349","FL50x12_HB_S275JR 6100"
"2160356","FL50x15_HB_S275JR 6100"
"2160362","FL50x20_HB_S275JR 6100"
"2160398","FL50x5_HB_S275JR 6100"
"2160405","FL50x6_HB_S275JR 6100"
"2160412","FL50x8_HB_S275JR 6100"
"2160419","FL60x10_HB_S275JR 6100"
"2160427","FL60x12_HB_S275JR 6100"
"2160433","FL60x15_HB_S275JR 6100"
"2160439","FL60x20_HB_S275JR 6100"
"2160446","FL60x25_HB_S275JR 6100"
"2160473","FL60x5_HB_S275JR 6100"
"2160488","FL60x8_HB_S275JR 6100"
"2160496","FL70x10_HB_S275JR 6100"
"2160502","FL70x12_HB_S275JR 6100"
"2160508","FL70x15_HB_S275JR 6100"
"2160515","FL70x20_HB_S275JR 6100"
"2160550","FL70x6_HB_S275JR 6100"
"2160557","FL70x8_HB_S275JR 6100"
"2160567","FL80x10_HB_S275JR 6100"
"2160573","FL80x12_HB_S275JR 6100"
"2160579","FL80x15_HB_S275JR 6100"
"2160586","FL80x20_HB_S275JR 6100"
"2160618","FL80x6_HB_S275JR 6100"
"2160624","FL80x8_HB_S275JR 6100"
"2180493","FLOOR_COLAB60_0,8_GAL 828x6000"
"2160699","FW160x10_HB_S275JR 6100"
"2160755","FW180x10_HB_S275JR 6100"
"2160769","FW180x15_HB_S275JR 6100"
"2160812","FW180x8_HB_S275JR 6100"
"2160820","FW200x10_HB_S275JR 6100"
"2160827","FW200x12_HB_S275JR 6100"
"2160834","FW200x15_HB_S275JR 6100"
"2160842","FW200x20_HB_S275JR 6100"
"2160877","FW200x8_HB_S275JR 6100"
"2160941","FW250x10_HB_S275JR 6100"
"2160949","FW250x12_HB_S275JR 6100"
"2190040","GPLIS_RECABLOCK_HB 600X600X1,5"
"2190041","GPLIS_RECABLOCK_HB 700X700X1,5"
"2190024","GPLIS_RECABLOCK_HB 800X250X2"
"2190042","GPLIS_RECABLOCK_HB 800X800X1,5"
"2190043","GPLIS_RECABLOCK_HG 600X600X1,5"
"2190044","GPLIS_RECABLOCK_HG 700X700X1,5"
"2190045","GPLIS_RECABLOCK_HG 800X800X1,5"
"2190046","GPLIS_RECALIGHT_HB 600X600X1,5"
"2190047","GPLIS_RECALIGHT_HB 700X700X1,5"
"2190048","GPLIS_RECALIGHT_HB 800X800X1,5"
"2190049","GPLIS_RECALIGHT_HG 600X600X1,5"
"2190050","GPLIS_RECALIGHT_HG 700X700X1,5"
"2190051","GPLIS_RECALIGHT_HG 800X800X1,5"
"2190034","GPLIS_RECANORM_HB 600X250X2"
"2190052","GPLIS_RECANORM_HB 600X600X1,5"
"2190035","GPLIS_RECANORM_HB 700X250X2"
"2190053","GPLIS_RECANORM_HB 700X700X1,5"
"2190036","GPLIS_RECANORM_HB 800X250X2"
"2190054","GPLIS_RECANORM_HB 800X800X1,5"
"2190037","GPLIS_RECANORM_HG 600X250X2"
"2190055","GPLIS_RECANORM_HG 600X600X1,5"
"2190038","GPLIS_RECANORM_HG 700X250X2"
"2190056","GPLIS_RECANORM_HG 700X700X1,5"
"2190039","GPLIS_RECANORM_HG 800X250X2"
"2190057","GPLIS_RECANORM_HG 800X800X1,5"
"2067988","GPP_30x2_M30x30_HG 1000x1000"
"2189950","GPP_30x2_M30x30_HG 1000x1500"
"2189951","GPP_30x2_M30x30_HG 1000x200"
"2067983","GPP_30x2_M30x30_HG 1000x500"
"2189928","GPP_30x2_M30x30_HG 1001X2000"
"2189956","GPP_30x2_M30x30_HG 600X240"
"2189955","GPP_30x2_M30x30_HG 700X240"
"2189954","GPP_30x2_M30x30_HG 800X240"
"2189953","GPP_30x2_M30x30_HG 800X265"
"2189957","GPP_30x2-10X2_M30x30_HG 1000x2000"
"2189958","GPP_30x2-30X2_M30x30_HG 1000x2000"
"2189952","GPP_30x3_M30x30_HG 1000x265"
"2189959","GPP_30x3-30X3_M30x30_HG 1000x2000"
"2189960","GPP_30x6_M38x38_GREEN 1000x2000"
"2189961","GPP_30x6_M38x38_GREY 1000x2000"
"2051010","HE1000A_HB_Standard"
"2006068","HE100A_HB_Standard 12100"
"2006087","HE100B_HB_Standard"
"2006082","HE100B_HB_Standard 12100"
"2002629","HE120A_HB_Standard"
"2019747","HE120A_HB_Standard 12100"
"2006096","HE120B_HB_Standard"
"2006091","HE120B_HB_Standard 12100"
"2006093","HE120B_HB_Standard 14100"
"2002664","HE140A_HB_Standard"
"2019751","HE140A_HB_Standard 12100"
"2006110","HE140B_HB_Standard"
"2006104","HE140B_HB_Standard 12100"
"2006106","HE140B_HB_Standard 14100"
"2006107","HE140B_HB_Standard 15100"
"2006120","HE160A_HB_Standard"
"2006114","HE160A_HB_Standard 12100"
"2006116","HE160A_HB_Standard 14100"
"2006117","HE160A_HB_Standard 15100"
"2006129","HE160B_HB_Standard"
"2006124","HE160B_HB_Standard 12100"
"2006126","HE160B_HB_Standard 14100"
"2006127","HE160B_HB_Standard 15100"
"2006141","HE180A_HB_Standard"
"2006133","HE180A_HB_Standard 12100"
"2006135","HE180A_HB_Standard 14100"
"2006136","HE180A_HB_Standard 15100"
"2006152","HE180B_HB_Standard"
"2006145","HE180B_HB_Standard 12100"
"2006147","HE180B_HB_Standard 14100"
"2006148","HE180B_HB_Standard 15100"
"2002769","HE200A_HB_Standard"
"2019752","HE200A_HB_Standard 12100"
"2060330","HE200A_HB_Standard 14100"
"2006168","HE200B_HB_Standard"
"2006160","HE200B_HB_Standard 12100"
"2006162","HE200B_HB_Standard 14100"
"2006163","HE200B_HB_Standard 15100"
"2006185","HE220A_HB_Standard"
"2006177","HE220A_HB_Standard 12100"
"2006180","HE220A_HB_Standard 15100"
"2006197","HE220B_HB_Standard"
"2006189","HE220B_HB_Standard 12100"
"2006192","HE220B_HB_Standard 15100"
"2006214","HE240A_HB_Standard"
"2006206","HE240A_HB_Standard 12100"
"2006227","HE240B_HB_Standard"
"2006219","HE240B_HB_Standard 12100"
"2006242","HE260A_HB_Standard"
"2006254","HE260B_HB_Standard"
"2006246","HE260B_HB_Standard 12100"
"2006261","HE280A_HB_Standard 12100"
"2006280","HE280B_HB_Standard"
"2006273","HE280B_HB_Standard 12100"
"2006275","HE280B_HB_Standard 15100"
"2002963","HE300A_HB_Standard"
"2002962","HE300A_HB_Standard 12100"
"2049915","HE300A_HB_Standard 15100"
"2052588","HE300A_HB_Standard 6100"
"2006296","HE300B_HB_Standard"
"2006287","HE300B_HB_Standard 12100"
"2006289","HE300B_HB_Standard 14100"
"2006290","HE300B_HB_Standard 15100"
"2006306","HE320A_HB_Standard 12100"
"2006335","HE340A_HB_Standard"
"2006353","HE360A_HB_Standard 12100"
"2046876","HE650B_HB_Standard 12100"
"2003328","IPE100_HB_Standard"
"2056430","IPE100_HB_Standard 12100"
"2006560","IPE120_HB_Standard"
"2006554","IPE120_HB_Standard 12100"
"2006575","IPE140_HB_Standard"
"2006569","IPE140_HB_Standard 12100"
"2006571","IPE140_HB_Standard 14100"
"2003377","IPE160_HB_Standard"
"2019542","IPE160_HB_Standard 12100"
"2059851","IPE160_HB_Standard 14100"
"2049458","IPE160_HB_Standard 15100"
"2006595","IPE180_HB_Standard"
"2006588","IPE180_HB_Standard 12100"
"2006591","IPE180_HB_Standard 15100"
"2003419","IPE200_HB_Standard"
"2019543","IPE200_HB_Standard 12100"
"2052392","IPE200_HB_Standard 14100"
"2006611","IPE220_HB_Standard"
"2006603","IPE220_HB_Standard 12100"
"2006605","IPE220_HB_Standard 14100"
"2006606","IPE220_HB_Standard 15100"
"2006624","IPE240_HB_Standard"
"2006615","IPE240_HB_Standard 12100"
"2006618","IPE240_HB_Standard 15100"
"2006639","IPE270_HB_Standard"
"2006630","IPE270_HB_Standard 12100"
"2006633","IPE270_HB_Standard 15100"
"2006657","IPE300_HB_Standard"
"2006648","IPE300_HB_Standard 12100"
"2006651","IPE300_HB_Standard 15100"
"2006677","IPE330_HB_Standard"
"2006668","IPE330_HB_Standard 12100"
"2006671","IPE330_HB_Standard 15100"
"2006693","IPE360_HB_Standard"
"2060165","IPE450_HB_Standard 12100"
"2006716","IPE550_HB_Standard 12100"
"2003668","IPN080_HB_Standard"
"2003667","IPN080_HB_Standard 12100"
"2058349","IPN080_HB_Standard 6100"
"2006734","IPN100_HB_Standard"
"2006729","IPN100_HB_Standard 10100"
"2006731","IPN100_HB_Standard 12100"
"2006735","IPN100_HB_Standard 6100"
"2006741","IPN120_HB_Standard"
"2006738","IPN120_HB_Standard 12100"
"2006739","IPN120_HB_Standard 14100"
"2006750","IPN140_HB_Standard"
"2006745","IPN140_HB_Standard 12100"
"2006756","IPN160_HB_Standard"
"2006753","IPN160_HB_Standard 12100"
"2006757","IPN160_HB_Standard 6100"
"2006763","IPN180_HB_Standard"
"2006760","IPN180_HB_Standard 12100"
"2006770","IPN200_HB_Standard"
"2006765","IPN200_HB_Standard 12100"
"2006775","IPN220_HB_Standard"
"2006773","IPN220_HB_Standard 12100"
"2051312","IPN220_HB_Standard 14100"
"2006780","IPN240_HB_Standard"
"2006777","IPN240_HB_Standard 12100"
"2006784","IPN260_HB_Standard"
"2006782","IPN260_HB_Standard 12100"
"2006793","IPN300_HB_Standard"
"2006791","IPN300_HB_Standard 12100"
"2048583","IPN400_HB_Standard 16100"
"2056839","IPN500_HB_Standard 12100"
"2161180","L100x10_HB_S275JR 12100"
"2161184","L100x10_HB_S275JR 6100"
"2079409","L110x10_HB_S355J2 12000"
"2161205","L120x12_HB_S275JR 12100"
"2161206","L120x12_HB_S275JR 6100"
"2161214","L120x15_HB_S275JR 12100"
"2161223","L150x15_HB_S275JR 12100"
"2161252","L20x3_HB_S275JR 6100"
"2161255","L25x3_HB_S275JR 6100"
"2161261","L30x3_HB_S275JR 6100"
"2161272","L35x3,5_HB_S275JR 6100"
"2174215","L40x3,6_HB_S275JR 12100"
"2161291","L40x4_HB_S275JR 6100"
"2161308","L45x4,5_HB_S275JR 6100"
"2161329","L50x5_HB_S275JR 6100"
"2161351","L60x6_HB_S275JR 12100"
"2161352","L60x6_HB_S275JR 6100"
"2161372","L70x7_HB_S275JR 12100"
"2161373","L70x7_HB_S275JR 6100"
"2161384","L80x6_HB_S275JR 6100"
"2161385","L80x8_HB_S275JR 12100"
"2161386","L80x8_HB_S275JR 6100"
"2161394","L90x9_HB_S275JR 6100"
"2202174","LU100x50x10_HB_S275JR 6100"
"2077940","PL15_HB_S275JR+AR"
"2154542","PL40_HB_S275JR+AR"
"2000171","RD10_HB_S275JR 6000"
"2000187","RD12_HB_S275JR 6000"
"2000205","RD14_HB_S275JR 6000"
"2163472","RD14_HG_S275JR 6000"
"2000220","RD16_HB_S275JR 6000"
"2000245","RD20_HB_S275JR 6000"
"2000272","RD25_HB_S275JR 6000"
"2000292","RD30_HB_S275JR 6000"
"2000306","RD35_HB_S275JR 6000"
"2000314","RD40_HB_S275JR 6000"
"2000338","RD6_HB_S275JR 6000"
"2000361","RD8_HB_S275JR 6000"
"2149402","RIB10_B500SD_AENOR 12000"
"2149362","RIB10_B500SD_AENOR 6000"
"2149406","RIB12_B500SD_AENOR 12000"
"2149366","RIB12_B500SD_AENOR 6000"
"2149414","RIB16_B500SD_AENOR 12000"
"2149374","RIB16_B500SD_AENOR 6000"
"2149418","RIB20_B500SD_AENOR 12000"
"2149378","RIB20_B500SD_AENOR 6000"
"2149422","RIB25_B500SD_AENOR 12000"
"2149434","RIB6_B500SD_AENOR 12000"
"2149394","RIB6_B500SD_AENOR 6000"
"2149438","RIB8_B500SD_AENOR 12000"
"2149398","RIB8_B500SD_AENOR 6000"
"2149352","RIC8_B500SD_AENOR"
"2115493","S5B2/3,5_AW5754H114 1000x2000"
"2115494","S5B2/3,5_AW5754H114 1250x2500"
"2115495","S5B2/3,5_AW5754H114 1500x3000"
"2064032","SH0,6_HD_DX51D+Z275_MA_CE 1000x2000"
"2184330","SH0,8_CR_BASCULANTE 210x6000"
"2061494","SH0,8_CR_DC01_Am_LO 1000x2000"
"2061505","SH0,8_HD_DX51D+Z275_MA_CE 1000x2000"
"2061518","SH0,8_HD_DX51D+Z275_MA_CE 1250x2500"
"2010295","SH1_CR_DC01_Am_LO 1000x2000"
"2010296","SH1_CR_DC01_Am_LO 1250x2500"
"2010297","SH1_CR_DC01_Am_LO 1500x3000"
"2010329","SH1_HD_DX51D+Z275_MA_CE 1000x2000"
"2010331","SH1_HD_DX51D+Z275_MA_CE 1500x3000"
"2168813","SH1,2_CR_DC01_Am_LO 1000x2000"
"2168830","SH1,2_HD_DX51D+Z275_MA_CE 1000x2000"
"2168831","SH1,2_HD_DX51D+Z275_MA_CE 1250x2500"
"2010291","SH1,5_CR_DC01_Am_LO 1000x2000"
"2190018","SH1,5_HB_PRESS_REPUJADA_B 2000x1000"
"2190019","SH1,5_HB_PRESS_REPUJADA_C 2000x1000"
"2175350","SH1,5_HB_PRESS_S235JR+AR-CL1_ 2000x1000"
"2061410","SH1,5_HB_S235JR+AR-CAT.A 1000x2000"
"2061411","SH1,5_HB_S235JR+AR-CAT.A 1250x2500"
"2010325","SH1,5_HD_DX51D+Z275_MA_CE 1000x2000"
"2010326","SH1,5_HD_DX51D+Z275_MA_CE 1250x2500"
"2010327","SH1,5_HD_DX51D+Z275_MA_CE 1500x3000"
"2190020","SH1,5_HD_PRESS_REPUJADA_B 2000x1000"
"2018218","SH10_HB_S235JR+AR-CAT.A 1500x3000"
"2061212","SH10_HB_S275JR+AR-CAT.A"
"2111524","SH10_HB_S275JR+AR-CAT.A 1500x3000"
"2165576","SH15_HB_S275JR+AR-CAT.A 1500x3000"
"2061421","SH2_HB_S235JR+AR-CAT.A 1000x2000"
"2010340","SH2_HD_DX51D+Z275_MA_CE 1000x2000"
"2010342","SH2_HD_DX51D+Z275_MA_CE 1500x3000"
"2010273","SH2_HP_DD11-CAT.A_LO 1500x3000"
"2019834","SH20_HB_S235JR+AR-CAT.A 1500x3000"
"2117485","SH3_CR_DC01_Am_LO 1500x3000"
"2018222","SH3_HB_S235JR+AR-CAT.A 1000x2000"
"2010369","SH3_HB_S235JR+AR-CAT.A 1500x3000"
"2061316","SH3_HB_S235JR+AR-CAT.A 1500x6000"
"2146588","SH3_HB_S235JR+AR-CAT.A_1N"
"2062732","SH3_HD_DX51D+Z275_MA_CE 1000x2000"
"2062734","SH3_HD_DX51D+Z275_MA_CE 1500x3000"
"2018225","SH4_HB_S235JR+AR-CAT.A 1000x2000"
"2018226","SH4_HB_S235JR+AR-CAT.A 1500x3000"
"2061325","SH4_HB_S235JR+AR-CAT.A 1500x6000"
"2018208","SH4_HP_DD11-CAT.A_LO 1500x3000"
"2018228","SH5_HB_S235JR+AR-CAT.A 1000x2000"
"2010388","SH5_HB_S235JR+AR-CAT.A 1500x3000"
"2061221","SH5_HB_S235JR+AR-CAT.A 1500x6000"
"2018212","SH5_HP_DD11-CAT.A_LO 1500x3000"
"2061231","SH6_HB_S235JR+AR-CAT.A 1500x6000"
"2018215","SH6_HP_DD11-CAT.A_LO 1500x3000"
"2019868","SH8_HB_S235JR+AR-CAT.A 1500x3000"
"2189988","SHP1,5C10U20_HB_CS 1250x2500"
"2189993","SHP1,5C10U20_HB_CS 1500x3000"
"2169089","SHP1,5C20M40_HB_CS 1000x2000"
"2169121","SHP1,5C20U40_HB_CS 1000x2000"
"2187508","SHP1,5C20U40_HB_CS 1500x3000"
"2169122","SHP1,5C20U40_HD_CS 1000x2000"
"2190011","SHP1,5C30U60_HD_CS 1000x2000"
"2190016","SHP1,5C30U60_HD_CS 1500x3000"
"2169125","SHP1,5C40U80_HD_CS 1000x2000"
"2189992","SHP1,5R10T14_HB_CS 1500x3000"
"2063807","SHP1,5R10T14_HD_CS 1000x2000"
"2190014","SHP1,5R10T14_HD_CS 1500x3000"
"2190007","SHP1,5R15T18_HB_CS 1000x2000"
"2190110","SHP1,5R15T18_HG_CS 1000x2000"
"2190008","SHP1,5R16T25_HB_CS 1000x2000"
"2189984","SHP1,5R20T25_HB_CS 1000x2000"
"2189996","SHP1,5R20T25_HD_CS 1000x2000"
"2126144","SHP1,5R3T5_HB_CS 1000x2000"
"2126055","SHP1,5R3T5_HD_CS 1000x2000"
"2169158","SHP1,5R6T8,5_HB_CS 1000x2000"
"2189985","SHP1,5R6T8,5_HB_CS 1250x2500"
"2189990","SHP1,5R6T8,5_HB_CS 1500x3000"
"2189994","SHP1,5R6T8,5_HD_CS 1000x2000"
"2190012","SHP1,5R6T8,5_HD_CS 1500x3000"
"2189986","SHP1,5R8T11_HB_CS 1250x2500"
"2189991","SHP1,5R8T11_HB_CS 1500x3000"
"2189995","SHP1,5R8T11_HD_CS 1000x2000"
"2190013","SHP1,5R8T11_HD_CS 1500x3000"
"2189983","SHP1C20U40_CR_CS 1000x2000"
"2190120","SHP1D561_CR_CS 1000x2000"
"2189982","SHP1R10T14_CR_CS 1000x2000"
"2189981","SHP1R6T8,5_CR_CS 1000x2000"
"2188297","SHP1R8T11_CR_CS 1000x2000"
"2190009","SHP2R15T30_HB_CS 1000x2000"
"2190111","SHP2R15T30_HG_CS 1000x2000"
"2126161","SHP2R4T7_HB_CS 1000x2000"
"2061095","SHT4_HB_S235JR+AR-CAT.A"
"2117584","SHT5_HB_S235JR+AR-CAT.A 1000x2000"
"2117594","SHTR4_HB_S235JR+AR-CAT.A 1000x2000"
"2168885","SHTR8_HB_S235JR+AR-CAT.A 1000x2000"
"2000390","SQ10_HB_S275JR 6000"
"2000399","SQ12_HB_S275JR 6000"
"2000407","SQ14_HB_S275JR 6000"
"2000418","SQ16_HB_S275JR 6000"
"2000422","SQ18_HB_S275JR 6000"
"2000426","SQ20_HB_S275JR 6000"
"2000434","SQ25_HB_S275JR 6000"
"2000440","SQ30_HB_S275JR 6000"
"2000452","SQ40_HB_S275JR 6000"
"2133324","SS0,8_CR_DC01_Am_LO"
"2167480","SW0,5_HD_DX51D+Z275_MA_CE"
"2090024","SW0,8_HD_DX51D+Z275_MA_CE"
"2166440","SW1_CR_DC03_Am_LO"
"2162047","T100x100x11_HB_S275JR 6100"
"2163577","T30x30x4_HB_S275JR 6100"
"2163579","T35x35x4,5_HB_S275JR 6100"
"2163582","T40x40x5_HB_S275JR 6100"
"2161501","T50x50x6_HB_S275JR 6100"
"2163591","T60x60x7_HB_S275JR 6100"
"2163595","T70x70x8_HB_S275JR 6100"
"2163599","T80x80x9_HB_S275JR 6100"
"2180627","TCF 5492_PCF_S235JR"
"2180295","TCF 5PU1_PCF_S235JR_55x61x20x2,5 6000"
"2180296","TCF 5PU6_PCF_S235JR_40x40x12x1,5 6000"
"2175117","TCF 7491_PCF_S235JR 6000"
"2181974","TCF PDS17_HD_S235JR"
"2181973","TCF PDS17_PCF_S235JR"
"2181975","TCF PDS21_PCF_S235JR"
"2181976","TCF PDS26_HD_S235JR_44x40x30x1,5"
"2175119","TCF PDS26_PCF_S235JR_40x30x14x1,5 6000"
"2181978","TCF PDS28_HD_S235JR_50x50x35x1,5"
"2181977","TCF PDS28_PCF_S235JR_50x50x35x1,5"
"2181980","TCF PDS4_HD_S235JR_35x30x15x1,5"
"2181979","TCF PDS4_PCF_S235JR_35x30x15x1,5"
"2175166","TCF PS4_PCF_S235JR 6000"
"2175180","TCF PS6542_PCF_S235JR 6000"
"2167368","TCW100x2_PCF_10305-3_E220 6000"
"2167417","TCW100x2_ZCF_10305-3_E220 6000"
"2167236","TCW100x3_HBCF_10219_S275J0H 6000"
"2167379","TCW16x1,5_PCF_10305-3_E220 6000"
"2162175","TCW20x1,5_PCF_10305-3_E220 6000"
"2167422","TCW20x1,5_ZCF_10305-3_E220 6000"
"2162178","TCW25x1,5_PCF_10305-3_E220 6000"
"2167425","TCW25x1,5_ZCF_10305-3_E220 6000"
"2162181","TCW30x1,5_PCF_10305-3_E220 6000"
"2167428","TCW30x1,5_ZCF_10305-3_E220 6000"
"2019331","TCW33,7x3,2_M_HBCF_10255_S195T_SE 6000"
"2162182","TCW35x1,5_PCF_10305-3_E220 6000"
"2167443","TCW35x1,5_ZCF_10305-3_E220 6000"
"2162205","TCW40x1,5_PCF_10305-3_E220 6000"
"2167448","TCW40x1,5_ZCF_10305-3_E220 6000"
"2020473","TCW40x2_PCF_10305-3_E220 6000"
"2167323","TCW40x3_HBCF_10219_S275J0H 6000"
"2019484","TCW42,4x3,2_M_HBCF_10255_S195T_SE"
"2167396","TCW45x1,5_PCF_10305-3_E220 6000"
"2167458","TCW48x1,5_ZCF_10305-3_E220 6000"
"2167401","TCW50x1,5_PCF_10305-3_E220 6000"
"2167460","TCW50x1,5_ZCF_10305-3_E220 6000"
"2162188","TCW50x2_PCF_10305-3_E220 6000"
"2167461","TCW50x2_ZCF_10305-3_E220 6000"
"2167332","TCW50x3_HBCF_10219_S275J0H 6000"
"2060875","TCW60,3x2,9_L2_HBCF_10255_S195T_SE 6000"
"2167404","TCW60x1,5_PCF_10305-3_E220 6000"
"2161553","TCW60x1,5_ZCF_10305-3_E220 6000"
"2167405","TCW60x2_PCF_10305-3_E220 6000"
"2166947","TCW60x3_HBCF_10219_S275J0H"
"2167408","TCW70x2_PCF_10305-3_E220 6000"
"2167343","TCW70x3_HBCF_10219_S275J0H 6000"
"2061377","TCW76,1x3,2_L2_HBCF_10255_S195T_SE 6000"
"2167412","TCW80x1,5_PCF_10305-3_E220 6000"
"2167413","TCW80x2_PCF_10305-3_E220 6000"
"2167468","TCW80x2_ZCF_10305-3_E220 6000"
"2166957","TCW80x3_HBCF_10219_S275J0H"
"2167352","TCW80x3_HBCF_10219_S275J0H 6000"
"2166961","TCW88,9x3_HBCF_10219_S275J0H"
"2177117","TCW88,9x3_HBCF_10219_S355J2H"
"2167357","TCW88,9x4_HBCF_10219_S275J0H 6000"
"2099963","TFOW_PCF_E235_40x20x1,5 6000"
"2167077","TRW100x20x1,5_PCF_10305-5_E220 6000"
"2167079","TRW100x30x2_PCF_10305-5_E220 6000"
"2167081","TRW100x40x2_PCF_10305-5_E220 6000"
"2167171","TRW100x40x2_ZCF_10305-5_E220 6000"
"2161585","TRW100x40x3_HBCF_10219_S275J0H 6000"
"2167083","TRW100x50x2_PCF_10305-5_E220 6000"
"2079975","TRW100x50x3_HBCF_10219_S275J0H 6000"
"2009298","TRW100x50x4_HBCF_10219_S275J0H 6000"
"2167084","TRW100x60x2_PCF_10305-5_E220 6000"
"2079993","TRW100x60x3_HBCF_10219_S275J0H 6000"
"2079997","TRW100x60x4_HBCF_10219_S275J0H 6000"
"2009331","TRW100x80x3_HBCF_10219_S275J0H 6000"
"2167087","TRW120x60x2_PCF_10305-5_E220 6000"
"2070900","TRW120x60x3_HBCF_10219_S275J0H 6000"
"2009370","TRW120x60x4_HBCF_10219_S275J0H"
"2009371","TRW120x60x4_HBCF_10219_S275J0H 6000"
"2080077","TRW120x60x5_HBCF_10219_S275J0H 6000"
"2070904","TRW120x80x4_HBCF_10219_S275J0H 6000"
"2080118","TRW140x60x4_HBCF_10219_S275J0H 6000"
"2009432","TRW140x70x8_HBCF_10219_S355J2H"
"2009456","TRW140x80x4_HBCF_10219_S275J0H 6000"
"2069491","TRW140x80x5_HBCF_10219_S275J0H"
"2070913","TRW140x80x5_HBCF_10219_S275J0H 12000"
"2080219","TRW160x120x5_HBCF_10219_S275J0H 12000"
"2070926","TRW200x100x5_HBCF_10219_S275J0H 12000"
"2167089","TRW20x10x1,5_PCF_10305-5_E220 6000"
"2019026","TRW250x100x10_HBCF_10219_S355J2H 12000"
"2167091","TRW25x10x1,5_PCF_10305-5_E220 6000"
"2167092","TRW25x15x1,5_PCF_10305-5_E220 6000"
"2167095","TRW30x10x1,5_PCF_10305-5_E220 6000"
"2167096","TRW30x15x1,5_PCF_10305-5_E220 6000"
"2167099","TRW30x20x1,5_PCF_10305-5_E220 6000"
"2167183","TRW30x20x1,5_ZCF_10305-5_E220 6000"
"2167104","TRW35x15x1,5_PCF_10305-5_E220 6000"
"2162202","TRW35x20x1,5_PCF_10305-5_E220 6000"
"2167106","TRW35x25x1,5_PCF_10305-5_E220 6000"
"2167108","TRW40x10x1,5_PCF_10305-5_E220 6000"
"2167109","TRW40x15x1,5_PCF_10305-5_E220 6000"
"2167111","TRW40x20x1,5_PCF_10305-5_E220 6000"
"2167190","TRW40x20x1,5_ZCF_10305-5_E220 6000"
"2167113","TRW40x25x1,5_PCF_10305-5_E220 6000"
"2167116","TRW40x30x1,5_PCF_10305-5_E220 6000"
"2167193","TRW40x30x1,5_ZCF_10305-5_E220 6000"
"2167129","TRW50x10x1,5_PCF_10305-5_E220 6000"
"2167130","TRW50x15x1,5_PCF_10305-5_E220 6000"
"2162207","TRW50x20x1,5_PCF_10305-5_E220 6000"
"2167132","TRW50x25x1,5_PCF_10305-5_E220 6000"
"2162203","TRW50x30x1,5_PCF_10305-5_E220 6000"
"2167200","TRW50x30x1,5_ZCF_10305-5_E220 6000"
"2167134","TRW50x30x2_PCF_10305-5_E220 6000"
"2167136","TRW50x40x1,5_PCF_10305-5_E220 6000"
"2167201","TRW50x40x1,5_ZCF_10305-5_E220 6000"
"2167137","TRW50x40x2_PCF_10305-5_E220 6000"
"2167138","TRW60x10x1,5_PCF_10305-5_E220 6000"
"2167139","TRW60x15x1,5_PCF_10305-5_E220 6000"
"2167206","TRW60x20x1,5_ZCF_10305-5_E220 6000"
"2162204","TRW60x30x1,5_PCF_10305-5_E220 6000"
"2167207","TRW60x30x1,5_ZCF_10305-5_E220 6000"
"2167143","TRW60x30x2_PCF_10305-5_E220 6000"
"2130837","TRW60x30x3_HBCF_10219_S275J0H 6000"
"2167146","TRW60x40x1,5_PCF_10305-5_E220 6000"
"2167147","TRW60x40x2_PCF_10305-5_E220 6000"
"2091231","TRW60x40x2_ZCF_10305-5_E220"
"2091234","TRW60x40x2_ZCF_10305-5_E220 6000"
"2080642","TRW60x40x4_HBCF_10219_S275J0H 6000"
"2167150","TRW70x30x1,5_PCF_10305-5_E220 6000"
"2167152","TRW70x40x1,5_PCF_10305-5_E220 6000"
"2167157","TRW80x20x1,5_PCF_10305-5_E220 6000"
"2167159","TRW80x30x1,5_PCF_10305-5_E220 6000"
"2167212","TRW80x40x1,5_ZCF_10305-5_E220 6000"
"2167164","TRW80x40x2_PCF_10305-5_E220 6000"
"2167214","TRW80x40x2_ZCF_10305-5_E220 6000"
"2010163","TRW80x40x3_HBCF_10219_S275J0H 6000"
"2070946","TRW80x40x4_HBCF_10219_S275J0H 6000"
"2167166","TRW80x60x2_PCF_10305-5_E220 6000"
"2080682","TRW80x60x4_HBCF_10219_S275J0H 6000"
"2168713","TSW100x2_PCF_10305-5_E220 6000"
"2168698","TSW100x2_ZCF_10305-5_E220 6000"
"2070955","TSW100x3_HBCF_10219_S275J0H 6000"
"2070959","TSW100x4_HBCF_10219_S275J0H 6000"
"2070962","TSW100x5_HBCF_10219_S275J0H 6000"
"2061600","TSW100x6_HBCF_10219_S275J0H 6000"
"2168703","TSW10x1_CRCF_10305-5_E220 6000"
"2080795","TSW120x4_HBCF_10219_S275J0H 6000"
"2168716","TSW14x1,5_PCF_10305-5_E220 6000"
"2168718","TSW16x1,5_PCF_10305-5_E220 6000"
"2168696","TSW16x1,5_ZCF_10305-5_E220 6000"
"2168705","TSW20x1_CRCF_10305-5_E220 6000"
"2168721","TSW20x1,5_PCF_10305-5_E220 6000"
"2168694","TSW20x1,5_ZCF_10305-5_E220 6000"
"2162092","TSW25x1,5_PCF_10305-5_E220 6000"
"2095012","TSW25x1,5_ZCF_10305-5_E220 6000"
"2162094","TSW30x1,5_PCF_10305-5_E220 6000"
"2095013","TSW30x1,5_ZCF_10305-5_E220 6000"
"2168726","TSW30x2_PCF_10305-5_E220 6000"
"2168728","TSW35x1,5_PCF_10305-5_E220 6000"
"2168691","TSW35x1,5_ZCF_10305-5_E220 6000"
"2168731","TSW40x1,5_PCF_10305-5_E220 6000"
"2168742","TSW40x1,5_ZCF_10305-5_E220 6000"
"2095014","TSW40x2_ZCF_10305-5_E220 6000"
"2056438","TSW40x3_HBCF_10219_S275J0H 6000"
"2081039","TSW40x4_HBCF_10219_S275J0H 6000"
"2094981","TSW45x1,5_PCF_10305-5_E220 6000"
"2168736","TSW50x1,5_PCF_10305-5_E220 6000"
"2168686","TSW50x1,5_ZCF_10305-5_E220 6000"
"2133035","TSW50x2_PCF_10305-5_E220 6000"
"2095015","TSW50x2_ZCF_10305-5_E220 6000"
"2056441","TSW50x3_HBCF_10219_S275J0H 6000"
"2072375","TSW50x4_HBCF_10219_S275J0H 6000"
"2168702","TSW60x1,5_PCF_10305-5_E220 6000"
"2168684","TSW60x1,5_ZCF_10305-5_E220 6000"
"2005641","TSW60x3_HBCF_10219_S275J0H"
"2081076","TSW60x3_HBCF_10219_S275J0H 6000"
"2010451","TSW60x4_HBCF_10219_S275J0H"
"2070986","TSW60x4_HBCF_10219_S275J0H 6000"
"2070989","TSW60x5_HBCF_10219_S275J0H 6000"
"2081089","TSW60x6_HBCF_10219_S275J0H 6000"
"2168738","TSW70x2_PCF_10305-5_E220 6000"
"2005681","TSW70x3_HBCF_10219_S275J0H"
"2057903","TSW70x3_HBCF_10219_S275J0H 6000"
"2070996","TSW70x4_HBCF_10219_S275J0H 6000"
"2168739","TSW80x2_PCF_10305-5_E220 6000"
"2168743","TSW80x2_ZCF_10305-5_E220 6000"
"2063237","TSW80x3_HBCF_10219_S275J0H"
"2071001","TSW80x3_HBCF_10219_S275J0H 6000"
"2050105","TSW80x4_HBCF_10219_S275J0H 6000"
"2071006","TSW80x5_HBCF_10219_S275J0H 6000"
"2061185","TSW80x6_HBCF_10219_S275J0H 6000"
"2005784","TSW90x5_HBCF_10219_S275J0H"
"2071014","TSW90x5_HBCF_10219_S275J0H 6000"
"2161477","U40x20x5_HB_S275JR 6100"
"2161481","U50x25x5_HB_S275JR 6100"
"2061161","UCF30x60x30x3_HB_S235JR 6000"
"2063288","UCF40x80x40x3_HB_S235JR 6000"
"2161613","UCF40x80x40x4_HB_S235JR 7000"
"2061134","UCF50x100x50x3_HB_S235JR 6000"
"2161569","UCF50x100x50x4_HB_S235JR 7000"
"2061131","UCF50x120x50x3_HB_S235JR 6000"
"2188644","UCF50x120x50x3_HB_S275JR"
"2003866","UPN080_HB_Standard"
"2003865","UPN080_HB_Standard 12100"
"2019742","UPN080_HB_Standard 6100"
"2003879","UPN100_HB_Standard"
"2019743","UPN100_HB_Standard 12100"
"2003880","UPN100_HB_Standard 6100"
"2006854","UPN120_HB_Standard"
"2006851","UPN120_HB_Standard 12100"
"2006855","UPN120_HB_Standard 6100"
"2018312","UPN140_HB_Standard"
"2019744","UPN140_HB_Standard 12100"
"2006864","UPN160_HB_Standard"
"2006858","UPN160_HB_Standard 12100"
"2006860","UPN160_HB_Standard 14100"
"2006875","UPN180_HB_Standard"
"2006869","UPN180_HB_Standard 12100"
"2006886","UPN200_HB_Standard"
"2006879","UPN200_HB_Standard 12100"
"2006895","UPN220_HB_Standard"
"2006890","UPN220_HB_Standard 12100"
"2006899","UPN240_HB_Standard 12100"
"2006901","UPN240_HB_Standard 14100"
"2018314","UPN260_HB_Standard"
"2019745","UPN260_HB_Standard 12100"
"2006914","UPN280_HB_Standard"
"2006909","UPN280_HB_Standard 12100"
"2006924","UPN300_HB_Standard"
"2006916","UPN300_HB_Standard 10100"
"2006918","UPN300_HB_Standard 12100"
"2134440","WC1,3_BL_steel-annealed (25Kg)"
"2174375","WC1,5_BL_steel-annealed (25Kg)"
"2177090","WC5,5_HB_K08MO (2500Kg)"
"2168434","WM150x150_10_B500SD_AENOR_2200X6000"
"2168453","WM150x150_5_B500SD_AENOR_2200X6000"
"2168457","WM150x150_6_B500SD_AENOR_2200X6000"
"2168429","WM150x150_8_B500SD_AENOR_2200X6000"
"2177636","WM200x200_4_b500t_AENOR_2200X6000"
"2168445","WM200x200_5_B500SD_AENOR_2200X6000"
"2177639","WM200x200_8_b500t_AENOR_2200X6000"
"2182137","Z CELOSIA 15X47X15X1,5 6M"
